family,name,target,feasibility,confidence,horizon,direction,tushare,institutional_relevance
价值/估值（Value）,行业内横截面 EP（盈利收益率·行业中性化）,valuation_rerating,GREEN,high,1-3 个月；对本系统 2-4 周短中窗口仍适用（IC 随 horizon 先升后降，2-4 周 IC 正但略低于月度）,高 EP_IND（同业中最便宜）→ 看多,"daily_basic, income, index_member_all, index_classify, st",高。机构选股 roadshow 惯用同业 PE 对比，行业内 EP 排名直接对应机构相对配置逻辑。
价值/估值（Value）,账面市值比 BP（Book-to-Price）,valuation_rerating,GREEN,high,1-3 个月（月均再平衡）,高 BP（便宜）→ 看多,"daily_basic, balancesheet, disclosure_date, st",高。公募基金价值评分必含 PB，北向外资惯用 P/BV。
价值/估值（Value）,自由现金流收益率 FCF/P（市值口径）,valuation_rerating,GREEN,high,1-3 个月（适合本系统 2-4 周窗口）,高 FCF/P → 看多,"cashflow, daily_basic, disclosure_date",高。机构（主动管理/量化）正在加大 FCF yield 权重，2024 FCF 指数基金发行量提升佐证。
价值/估值（Value）,EV/EBITDA 倒数（企业倍数因子）,valuation_rerating,GREEN,high,1-3 个月,高 EBITDA_Yield（= 低 EV/EBITDA）→ 看多,"daily_basic, balancesheet, income, cashflow",高。机构 DCF 分析师惯用 EV/EBITDA 跨国、跨资本结构比较，是并购定价基准。
价值/估值（Value）,FCF/EV（企业价值口径 FCF 收益率）,valuation_rerating,GREEN,med,1-3 个月,高 FCF/EV → 看多,"cashflow, daily_basic, balancesheet",高。PE/VC 机构估值标准指标，北向外资也用 EV 口径做跨市场比较。
价值/估值（Value）,股息率（Dividend Yield）,valuation_rerating,GREEN,high,中长期（1-6 个月），在利率下行 / 风险规避市场中短期也有效,高 DY → 看多,"dividend, daily_basic",极高。保险/社保/年金强制配置高股息资产；红利 ETF 规模持续扩大，机构流量明确。
价值/估值（Value）,PEG 因子（PE 对增长率比值）,valuation_rerating,GREEN,med,1-6 个月（中长期更有效）,低 PEG（=高−PEG）→ 看多,"daily_basic, report_rc",高。主动基金经理和外资研报均标配 PEG，尤其科技/消费成长赛道。
价值/估值（Value）,PS（市销率）倒数 SP（Sales-to-Price）,valuation_rerating,GREEN,high,1-3 个月,高 SP（低 PS）→ 看多,"daily_basic, income, index_member_all",中等。主要用于亏损阶段高成长公司的估值，外资科技分析师习惯用 EV/Revenue（企业价值/收入）。
价值/估值（Value）,AH 股折价因子,valuation_rerating,GREEN,high,2-8 周（中期）,低 AH_Premium（A 股相对 H 股便宜）→ 看多,stk_ah_comparison,极高。外资/QFII 最直接利用 AH 折溢价套利；国内公募的 AH 配置比较基准也依赖此数据。
价值/估值（Value）,预期 PE（Forward PE 横截面排名）,expectation_gap,GREEN,high,1-3 个月（短期分析师覆盖更新快）,低 Forward_PE（行业内）→ 看多,"report_rc, daily_basic",极高。机构路演核心指标；券商研报目标价几乎全用 Forward PE × 目标倍数，机构对此因子赋权重高。
价值/估值（Value）,历史估值百分位（自身时序 PE 分位）横截面化改进,valuation_rerating,GREEN,high,1-3 个月,低行业内 PE_pct 排名（= 相对同业历史便宜）→ 看多,"daily_basic, index_member_all",中高。机构做行业配置时常对比同行历史估值分位，改进版更接近机构视角。
价值/估值（Value）,现金流市值比 CFP（Cash Flow Yield）,fundamental_score,GREEN,med,1-3 个月,高 CFP → 看多,"cashflow, daily_basic",中。机构在做财务质量筛选时使用，单独因子权重低。
价值/估值（Value）,应计异象因子（Sloan Accruals / 盈利质量调整估值）,fundamental_score,GREEN,med,3-12 个月（长期）,低应计比（= 盈利质量高）→ 看多,"balancesheet, cashflow, income",中高。主动管理机构的财务分析必含盈利质量审查；量化基金用于剔除盈余管理股。
价值/估值（Value）,行业相对 PB（分层 Book-to-Market + 资产质量调整）,valuation_rerating,GREEN,high,1-3 个月,高 BP_adj（有形资产便宜）→ 看多,"daily_basic, balancesheet",高。主动管理机构做 DuPont 分析时关注资产质量，商誉问题是机构 red flag。
价值/估值（Value）,利率调整 EP（BEER 模型 / 债股收益比）,valuation_rerating,YELLOW,med,中长期（宏观 regime 因子，1-12 个月）；短期信号弱,高 EP − r_10Y（EP 溢价大）→ 看多,"daily_basic, shibor_lpr",极高。险资/社保的战略配置框架核心依据，公募基金资产配置委员会必看指标。
价值/估值（Value）,负 PE 处理：EP 插补与哑变量（负盈利估值修正）,risk_discount,GREEN,high,横截面统计，非独立预测因子；适用所有 EP/PE 类因子,D_loss = 1 → 负信号（可映射 risk_discount）,"income, daily_basic, fina_indicator",高（因子卫生要求）。机构系统性排除亏损股或单独对亏损股降权，负 EP 处理是机构标准流程。
quality,Piotroski F-Score,fundamental_score,GREEN,high,季报/年报更新后1-3个月持有；典型调仓频率为季度。不覆盖系统2-4周窗但可作为季度级fundamental_score输入。,高F值→看多（F≥7强多，F≤2强空）,"income, cashflow, balancesheet, fina_indicator",高——F-Score逻辑与机构基本面分析框架完全一致；机构持仓换手率低适合季度频率信号。
quality,Sloan BS-Accruals,fundamental_score,GREEN,high,年报更新后持有12个月典型；季度频率计算可缩短至3-6月。接近2-4周的信号需与快报(express)结合使用。,低应计比率→看多（应计比率与未来股票收益负相关）,"balancesheet, cashflow, income",高——机构调研时会审查CFO/净利润比，与本因子信号一致。
quality,CF-Accruals (现金流应计比率),fundamental_score,GREEN,high,季度更新，3-6个月预测窗口；季频rebalance适合2-4周系统作为季度分层信号。,低CF_Accrual(CFO>净利润)→看多,"cashflow, income, balancesheet",高——机构财务分析标配，CFO/净利润比是卖方研究核心质量指标。
quality,Novy-Marx GP/Assets,fundamental_score,GREEN,high,年报/季报更新后持有1-4个季度；12个月IC最强。本系统2-4周窗内GPOA作为底层fundamental分层信号。,高GPOA→看多,"income, balancesheet, fina_indicator",中-高——机构分析师关注毛利率趋势，GPOA将截面维度系统化。
quality,RONOA (净经营资产回报率),fundamental_score,GREEN,high,年报更新后持有6-12个月；季频计算可用于2-4周short-term fundamental scoring。,高RONOA→看多,"income, balancesheet, fina_indicator",极高——与DCF模型中ROIC>WACC价值创造逻辑完全对应，是机构fundamental分析标配。
quality,ROE Stability (ROE稳定性/持续性),fundamental_score,GREEN,high,需8个季度历史数据（2年），典型持仓6-12个月；作为fundamental_score的调节项适合本系统。,高稳定性×高ROE→看多,fina_indicator,"极高——A股机构""GARP""(合理价格买成长)策略核心指标，适合机构为主市场。"
quality,Asset Growth (总资产增长率),fundamental_score,GREEN,med,年报更新后持有12个月最优；季度同比版可缩短至3-6个月。,低资产增长率→看多（高AG负向预测）,"balancesheet, fina_indicator","中——机构关注ROIC趋势更甚于AG绝对值，但AG作为""过度扩张预警""信号有用。"
quality,Net Operating Assets (净营运资产/NOA),fundamental_score,GREEN,med,年报级别，持有12个月；季度更新版持有3-6个月。,低NOA(较少净营运资产积累)→看多,"balancesheet, fina_indicator",中——机构分析师更直接用NWC(净营运资本)而非NOA，但逻辑相通。
quality,Altman Z'-Score,risk_discount,GREEN,med,年报更新后有效期12-24个月；季报简表可更新X1/X3/X5部分。,高Z'→看多（低财务困境概率）；低Z'→风险折扣,"balancesheet, income, fina_indicator",高——信用分析是机构风控核心，Z-Score是基础工具。
quality,Merton Distance-to-Default (违约距离),risk_discount,YELLOW,med,日频更新（市价驱动），2-4周内有效信号。完全覆盖系统2-4周预测窗。,高DD→看多；DD骤降（滚动ΔDD<−2σ）→风险折扣触发,"daily_basic, daily, balancesheet, shibor_lpr",极高——机构信用分析/风险管理部门标配，DD是CDS定价基础。
quality,DuPont ROE Decomposition Quality,fundamental_score,GREEN,med,年报/季报更新，持有6-12个月；作为ROE因子的质量调节项。,经营驱动ROE占比高→看多；杠杆驱动占比高→折扣,"income, balancesheet, fina_indicator","极高——基本面机构研究的标准框架，与""PB-ROE估值体系""完全对接。"
quality,FCFF/IC (自由现金流投入资本回报),fundamental_score,GREEN,med,TTM平滑季度波动，持有6-12个月；系统已有L5.cf.fcf dp_id可直接复用。,高FCFFIC→看多,"cashflow, balancesheet, fina_indicator","高——""自由现金流""是2024-2025年A股机构投资者最关注的质量指标，机构主题ETF大量布局。"
quality,SUE (标准化非预期盈余),expectation_gap,GREEN,high,业绩公告后2-8周最强（覆盖系统2-4周窗）。,高正SUE(实际超预期)→看多；大负SUE→风险折扣,"fina_indicator, income, report_rc, express",高——分析师修正跟踪是机构研究核心流程，SUE直接量化预期差。
quality,Earnings Revision Momentum (盈余预测修正动量),expectation_gap,GREEN,high,2-8周（完全覆盖系统2-4周窗）——是本族中最适合2-4周预测窗的因子之一。,正修正动量(EPS上调)→看多,report_rc,极高——直接反映机构信息网络中卖方预期变化，是机构之间信息传导的核心机制。
quality,Ohlson O-Score (财务困境Logit模型),risk_discount,GREEN,med,年报级别，有效期12个月；可用快报季度数据做中间更新。,低O-Score(低破产概率)→看多；高O-Score→风险折扣,"balancesheet, income, cashflow",中——机构内部信用研究使用，但不如Merton DD前瞻性强。
quality,Gross Margin Trend (毛利率趋势变化),fundamental_score,GREEN,med,季报更新后1-3个月；2-4周窗内是本系统fundamental_score的边际调节项。,毛利率同比/环比改善→看多,"fina_indicator, income","高——卖方研究中""毛利率拐点""是最常见的推荐逻辑之一，本因子量化了这一逻辑。"
momentum_reversal,Cross-Sectional 12-1 Price Momentum,capital_sentiment,GREEN,med,1个月持有（月频换仓），2-4周持有也可；A股实证典型回看12月,高值看多（过去12-1月强势股继续跑赢）—— 但A股整体IC为负，慎用原始版本,"daily, daily_basic, index_member_all",低——A股传统截面动量失效主要因散户主导过度反应；但机构资金加速流入的股票确有惯性，需与机构持仓数据融合
momentum_reversal,Short-Term 1-Month Reversal,capital_sentiment,GREEN,high,1-4周（A股最强的量价信号之一）,高值（近期大跌者）看多,"daily, daily_basic, index_member_all",中等——机构逢低买入行为是反转效应的主要驱动，中证1000空间大于沪深300
momentum_reversal,Residual/Idiosyncratic Momentum (Alpha Momentum),capital_sentiment,GREEN,high,1-3个月（比原始动量更稳定，适配系统2-4周窗）,高值看多,"daily, index_daily, index_member_all, ci_daily",高——机构买入往往留存于残差中，而公共市场/行业Beta被噪音淹没；适合机构为主市场
momentum_reversal,52-Week High Momentum (George-Hwang),capital_sentiment,GREEN,med,1-3个月（中期动量信号）,高值看多（价格越接近历史高点，后续相对越强）,"daily, daily_basic",中——机构研究员在目标价制定时频繁参照历史高点，行为锚定在机构也存在
momentum_reversal,Industry/Sector Momentum,capital_sentiment,GREEN,high,1-2个月（月频行业轮动，A股日频和月频存在动量，周频则反转）,高值看多（所属行业近期涨势强的个股相对较强）,"ci_daily, index_daily, index_classify, index_member_all",高——机构基金行业ETF化和主题基金轮动正是行业动量的主要驱动力
momentum_reversal,Northbound Capital Holding Change Momentum,capital_sentiment,GREEN,med,2-4周（与系统核心窗口完全吻合）,高值（净增持）看多,"hk_hold, moneyflow_hsgt, daily_basic",极高——北向即外资机构，其动向是机构为主市场最直接的资金流代理指标
momentum_reversal,Margin Financing Balance Momentum,capital_sentiment,GREEN,med,1-4周（短期），月度高融资比率转为看空（过热警示）,5日融资净增量高值看多（短期）；月累积融资余额/市值极高值看空（长期拥挤）,"margin_detail, margin, daily_basic",中——融资客中同时包括机构和高净值散户，信号噪音较北向大
momentum_reversal,Chip Cost Distribution Momentum (CYQ-based),capital_sentiment,GREEN,high,1-4周，周频版信号更强（年化多空52.3%）,高值（平均获利）偏动量，低值（平均亏损）偏反转——需配合阈值切分,"cyq_perf, daily, daily_basic",高——筹码成本分布充分反映机构建仓/减仓成本区间，且cyq_perf由tushare标准端点支持
momentum_reversal,Turnover-Rate-Adjusted Momentum,capital_sentiment,GREEN,med,1-3个月,高值看多（低换手率下的正动量最持续）,"daily_basic, daily",中高——机构持有股通常换手率低，低换手动量恰好与机构行为正相关
momentum_reversal,Block Trade Discount/Premium Signal,capital_sentiment,GREEN,med,2-6周（事件驱动，买方建仓完成后涨升）,折价后看多（机构接货），溢价后看空（大股东锁利）,"block_trade, daily",高——大宗交易天然是机构行为的直接记录
momentum_reversal,Hot Money (LHB) Flow Momentum,capital_sentiment,GREEN,med,3-15个交易日（短线，题材发酵窗口）,净买入高值短期看多（发酵期）；极度拥挤后看空（题材末期）,"hm_detail, hm_list, daily_basic",中——游资是中国特色信号，在机构为主市场仍存在，可用作情绪先行指标
momentum_reversal,Dynamic Momentum Crash Signal (Daniel-Moskowitz),risk_discount,GREEN,med,风险控制模块（择时overlay），不改变预测方向，仅调节仓位,熊市恐慌期减少动量暴露，牛市/稳健期正常使用,"index_daily, daily",高——机构在恐慌期集中赎回引发的踩踏是A股动量崩溃的主因，风控必须嵌入
momentum_reversal,Earnings Surprise Momentum (SUE / PEAD),expectation_gap,YELLOW,med,2-8周（A股PEAD窗口约20-40个交易日）,SUE高值看多（盈利超预期后向上漂移）,"express, forecast, report_rc, income",高——机构基本面研究更新滞后（analyst herding）是PEAD在机构市场持续的核心原因
momentum_reversal,Analyst Revision Momentum,expectation_gap,YELLOW,med,1-2个月（分析师报告覆盖周期）,高值（上调幅度大）看多,report_rc,极高——卖方分析师报告直接面向机构客户，上调浪潮是机构行为的直接先行指标
momentum_reversal,Volume-Weighted Return Divergence (Price-Volume Divergence),capital_sentiment,GREEN,med,1-3周,VPMD高值看多（VWAP上移确认动量）,"daily, stk_factor_pro",中高——机构分批建仓以VWAP为基准，量价背离是机构行为的微观结构信号
momentum_reversal,Shareholder Count Decrease Momentum,capital_sentiment,GREEN,med,1-3个月（季度信号，月频使用时需插值或重复使用最新季度值）,高值（人数大幅减少）看多,"stk_holdernumber, daily_basic",高——直接度量机构筹码集中程度，是A股独有的有效代理指标
momentum_reversal,Short-Term Reversal Post-Limit-Up/Down,capital_sentiment,GREEN,high,3-10个交易日（事件驱动）,连续跌停开板→看多；连续涨停开板→看空,"stk_limit, limit_list_d, daily, limit_step",低——涨跌停主要由散户驱动，机构通常回避连板股；但连续跌停开板的超跌反转有机构价值
momentum_reversal,Intraday-to-Close Return Persistence (Overnight + Intraday Split),capital_sentiment,GREEN,med,2-4周,ONR_MOM高值看多（机构持续隔夜增值），IDR_MOM极高值看空（散户情绪过热）,daily,高——隔夜收益对应机构行为，分离后可过滤大量散户噪音，适合机构为主市场
growth_expectation,SUE_Q,expectation_gap,GREEN,high,事件后 20-60 个交易日；与本系统 2-4 周窗口高度吻合。季频信号，持有 1-3 月。,高 SUE_Q → 看多（正惊喜持续漂移）；低 SUE_Q → 看空（负惊喜持续下跌）,"fina_indicator, report_rc, daily_basic",机构为主市场中 PEAD 仍显著——研究表明机构投资者反而能从零售投资者低估反应中获利(SSRN 4589824 A 股
growth_expectation,FY1_EPS_REV_MOM,expectation_gap,GREEN,high,20-60 个交易日；对本系统 2-4 周窗口有效。调仓频率可双周至月频。,高正修正 → 看多；大幅下调 → 看空,report_rc,直接反映机构卖方研究员的预期变化，是机构资金流入的领先指标；华泰综合因子（含修正）在沪深 300 增强组合中 IR=2.
growth_expectation,ANALYST_RATING_REV,expectation_gap,GREEN,med,事件驱动型，评级发布后 10-30 交易日有效；本系统 2-4 周窗口内显著。,评级上调/高值 → 看多；评级下调/低值 → 看空,report_rc,评级变化直接触发机构持仓调整，华泰综合三因子（含评级）在增强组合中 IR 全面提升。
growth_expectation,TARGET_PRICE_UPSIDE,valuation_rerating,GREEN,med,中期信号（1-3 月）；目标价通常设 12M 期限，但短期价格向目标价靠拢的漂移发生在 2-8 周。,高隐含上涨空间（正值大）→ 看多；隐含下行（负值）→ 看空,"report_rc, daily, index_member_all",目标价驱动机构委托单；外资机构（北向）对头部覆盖分析师目标价高度敏感。
growth_expectation,EPS_DISPERSION,risk_discount,GREEN,med,中期信号（1-3 月）；适合作为风险折扣叠加在 expectation_gap 上。,高分歧度 → 风险折扣（看空方向叠加使用）；分歧度突破高位后下行 → 看多,report_rc,机构一致买入的前提是预期收敛；北向资金更倾向持有低分歧度股票（信息透明度高）。
growth_expectation,FORECAST_SURPRISE,expectation_gap,YELLOW,high,事件驱动，预告发布后 20-60 个交易日；配合 PEAD 漂移使用。预告密集期为每年 1 月、4 月、7-8 月、10 月。,正超预期（高值）→ 看多；负超预期（低值/预告低于预期）→ 看空,"forecast, report_rc, fina_indicator",预告超预期是机构紧急调研的触发信号；北向资金在超预期预告后 5 日内增持频率显著高于基准。
growth_expectation,EXPRESS_SURPRISE,expectation_gap,GREEN,high,事件后 10-40 个交易日；快报集中披露期 1-3 月/7-8 月（上年年报/中报）。,正超预期 → 看多；快报低于预期 → 看空（较预告更强信号）,"express, report_rc, index_member_all",快报是机构分析师更新财务模型的触发点；头部公司快报超预期后北向资金 5 日净买入显著正向。
growth_expectation,REVENUE_ACC,fundamental_score,GREEN,med,季频信号；加速度信号在 2-4 个季度内持续有效，适合本系统 2-4 周至 1 季度视窗。,正加速（ΔYoY > 0）→ 看多；减速（ΔYoY < 0）→ 看空,"income, fina_indicator",营收加速是机构景气投资框架的核心指标；行业景气度向上时北向资金配置倾向于营收加速标的。
growth_expectation,NET_PROFIT_ACC,fundamental_score,GREEN,med,季频，1-2 个季度有效；配合预期修正因子（FY1_EPS_REV_MOM）使用有协同增强效果。,正加速 → 看多；持续减速 → 看空（尤其结合负 SUE_Q）,"fina_indicator, income",净利润加速是大多数机构投研体系中景气评分的核心维度；与分析师 EPS 修正高度相关（互相验证）。
growth_expectation,PEAD_DRIFT_SCORE,expectation_gap,YELLOW,med,事件后 20-60 交易日；季度调仓（与财报周期同步）。,高分 → 看多；低分（负 SUE + 无后续研报关注）→ 看空,"fina_indicator, report_rc, daily",机构投资者是 PEAD 的主要受益者；研究表明 A 股机构能从散户低估反应中获利。
growth_expectation,ANALYST_COVERAGE_CHG,expectation_gap,GREEN,med,覆盖增加后 20-60 交易日有效；共同覆盖因子为月频调仓信号。,覆盖增加/首次覆盖 → 看多；覆盖消失（分析师停止跟踪）→ 看空,report_rc,分析师覆盖变化直接反映机构卖方资源配置方向；新覆盖是机构客户入场的「首发号角」。
growth_expectation,FY1_FY2_REVISION_SPREAD,expectation_gap,YELLOW,med,2-6 周，月频调仓；属于短期预期确定性信号。,FY1 修正显著 > FY2 修正（正 SPREAD）→ 看多；FY2 修正 > FY1 → 长期故事未兑现 → 中性或看空,report_rc,FY1 vs FY2 分析是机构 roadshow 路演核心话题；外资机构对近期业绩确定性更敏感。
growth_expectation,CONSENSUS_UPGRADE_RATIO,expectation_gap,GREEN,med,月频信号，有效周期 20-60 日；与 FY1_EPS_REV_MOM 高度相关（互相验证，注意因子重复）。,高净上调占比（接近 +1）→ 看多；持续净下调（接近 -1）→ 看空,report_rc,上调占比是机构基本面 roadshow 路演结果的直接反映；北向资金对净上调股票配置偏向明显。
growth_expectation,GUIDANCE_BEAT,expectation_gap,YELLOW,med,年度/半年度信号；配合季度 SUE_Q 使用，提升胜率。有效期 1-4 个季度。,正 GUIDANCE_BEAT（实际超指引）→ 看多；负值（不及指引）→ 强烈看空信号,"forecast, fina_indicator, express",管理层指引是机构投研最重要的 channel check 维度；机构反向投资（做多系统性保守指引公司）是 A 股常见策略
growth_expectation,COMPOSITE_EXPECTATION_SCORE,expectation_gap,YELLOW,high,月频至季频调仓；合成因子比单一因子更平滑，适合 2-8 周持仓。,高合成分 → 看多；低合成分 → 看空,"fina_indicator, report_rc, forecast, express, daily_basic, index_member_all",综合预期因子是机构 Alpha 量化组合的核心配置，与 AI 量价因子相关性极低（0.03），提供真正的增量 Alpha
institutional_flow,北向持股变化率 (HK_Hold_Chg),capital_sentiment,YELLOW,med,季度(63TD)为主；日频NF_Ratio可捕捉2-4周趋势；注意2024年8月19日起停止日度披露，改为季度公布，日频因子须切换为moneyflow_hsgt替代。,高值(外资增持)→看多,"hk_hold, moneyflow_hsgt, daily_basic",极高——外资机构代表价值定价者，增持是机构认可信号
institutional_flow,融资买入动量因子 (Margin_Buy_Momentum),capital_sentiment,GREEN,high,10-21TD动量信号；60-90TD反转风险,中短期高值→看多；极端高值(行业前5%)→反转风险看空,"margin, margin_detail, daily, daily_basic",中——主要捕捉杠杆散户行为，但极端值也反映机构止损/追涨
institutional_flow,融券余额变化率 (Short_Interest_Chg),risk_discount,GREEN,med,21-63TD；空头压力具有中期持续性,高值(融券增加)→看空,"margin, margin_detail, slb_len, daily_basic",高——融券主体几乎全为机构或大资金
institutional_flow,主力净流入率 CNIR (Composite Net Inflow Rate),capital_sentiment,GREEN,med,5-10TD短期信号最强；21TD动量有意义,高值(净流入)→看多,"moneyflow, moneyflow_dc",高——大单流入实际代表机构/游资/主力行为
institutional_flow,东财/同花顺个股资金流净流入强度 (MF_THS_NetIn),capital_sentiment,GREEN,med,3-10TD；情绪动量信号，不宜持有过长,高值(净流入)→短期看多,"moneyflow_ths, moneyflow_dc, daily_basic",中——混合散户与机构信号
institutional_flow,游资净买入强度 (HM_Net_Buy),capital_sentiment,GREEN,med,5-10TD超短期（游资做多后散户跟风期）；机构卖出信号21-63TD有效,游资净买入高值→短期看多；机构席位净卖出→看空/风险信号,"hm_detail, hm_list",高——机构席位卖出是机构行为的直接观察
institutional_flow,大宗交易成交额占比因子 (Block_Trade_Ratio),capital_sentiment,GREEN,med,21-63TD；大宗交易信息传递有滞后效应,高成交额占比+低波动率→看多；高折价率+高成交量波动率→看空,"block_trade, daily",极高——大宗交易几乎只有机构/大股东参与
institutional_flow,大宗折溢价率信号 (Block_Trade_Discount),capital_sentiment,GREEN,med,10-21TD事件后效应,溢价高值→看多；深度折价→看空（过桥信号需过滤）,"block_trade, daily",高——识别机构大资金真实方向性意图
institutional_flow,筹码获利盘比例 (Winner_Rate_Factor),capital_sentiment,GREEN,med,5-21TD反转信号；与动量因子反向配合,超高获利盘(>75%)→反转看空；极低获利盘(<25%)→反弹看多,cyq_perf,中——散户持仓成本效应，机构持仓也受成本影响
institutional_flow,筹码集中度因子 (Chip_Concentration),capital_sentiment,GREEN,med,10-63TD中期建仓完成信号,低分散度(高集中)→看多；高分散度→中性或略看空,"cyq_perf, cyq_chips",中——筹码集中主要反映主力/游资控盘程度
institutional_flow,股东人数变化率 (Shareholder_Count_Chg),capital_sentiment,GREEN,med,63-126TD（季报/半年报披露周期，数据频率低）,股东人数减少(高户均持股增加)→看多,"stk_holdernumber, daily_basic",中高——间接反映机构/主力的筹码集散程度
institutional_flow,大股东增减持强度 (Insider_Trade_Signal),capital_sentiment,GREEN,med,63-126TD；内部人增持效应持续时间较长,净增持高值→看多；大额减持→看空,stk_holdertrade,高——内部人是信息最丰富的市场参与者
institutional_flow,股权质押风险因子 (Pledge_Risk_Score),risk_discount,GREEN,med,长期风险信号（持续高质押→风险积累）；触发平仓线时短期负面冲击明显,高质押比例且接近平仓线→看空/风险折价,"pledge_stat, pledge_detail, daily",高——机构做投前尽调必查项；质押风险会引发机构回避
institutional_flow,解禁压力因子 (Unlock_Overhang),risk_discount,GREEN,med,前瞻21-63TD预警；解禁后30-60TD持续承压,高解禁压力→看空/负向,"share_float, daily_basic",高——私募PE/VC解禁是机构投资退出的标准路径
institutional_flow,行业资金流轮动因子 (Sector_Moneyflow_Rotation),capital_sentiment,YELLOW,med,10-21TD行业资金动量有效；63TD以上存在均值回归,所在行业主力资金净流入强→个股看多,"moneyflow_ind_ths, index_member_all, dc_daily",高——主动型机构配置行为的行业维度直接体现
institutional_flow,AH溢价套利压力 (AH_Premium_Arbitrage),valuation_rerating,GREEN,med,63-126TD均值回归信号,AH溢价极高→A股看空；AH折价→A股看多（稀少）,stk_ah_comparison,极高——跨境机构套利的核心工具
institutional_flow,北向资金流速动量 (HSGT_Flow_Momentum),capital_sentiment,GREEN,med,10-21TD市场择时信号；个股层面(hk_hold季频)63-126TD,北向净流入加速→整体看多；流出加速→防御,moneyflow_hsgt,极高——外资机构资金流入是A股机构化进程的核心驱动
liquidity_micro,Amihud ILLIQ 月均非流动性,risk_discount,GREEN,high,月度重算（20交易日），预测窗口 2-4 周；持有期过长（>3个月）出现均值回归。,高 ILLIQ → 该股流动性差 → 短期 risk_discount 偏高（低流动性溢价隐含在价格中），中性化后因子值高→看空/折价。,"daily, daily_basic",高——机构资金首要考量交易成本与冲击，高 ILLIQ 股机构回避→折价持续；北向资金偏好高流动性大市值，造成 ILLIQ
liquidity_micro,超额换手率（DTURN）,capital_sentiment,GREEN,high,月度换手率差分预测下1个月；日频 Z-score 版预测 2-4 周效果最佳。,高超额换手率 → 短期散户投机旺盛 → 反转，看空；低换手率且持续 → 筹码锁定，看多。,daily_basic,中——机构偏好低换手高流动性个股，高换手通常为散户行为，机构看到高换手会降低参与；北向资金流入时即使高换手也不一定反转。
liquidity_micro,换手率波动率（成交稳定性因子）,capital_sentiment,GREEN,high,20日换手率稳定性预测 2-4 周超额收益。,高 TO_CV → 成交不稳定 → 机构回避 → 看空；低 TO_CV（稳定型成交）→ 机构锁仓 → 看多。,daily_basic,高——直接刻画机构持续建仓 vs 散户博弈，与北向资金持仓稳定性高度相关。
liquidity_micro,量比（Volume Ratio）,capital_sentiment,GREEN,med,日频，预测 3-10 个交易日内价格方向确认；不适合超过4周持有。,量比放大+价涨 → 看多；量比放大+价跌 → 看空；量比持续萎缩 → 流动性枯竭 → 看空或等待。,daily_basic,中——机构算法单将大笔交易分拆，单日量比不完全反映机构行为，需配合连续多日量比趋势。
liquidity_micro,Corwin-Schultz 高低价买卖价差估计量,risk_discount,GREEN,med,月度均值，预测 2-4 周风险折价水平。,高 CS_spread → 交易摩擦大 → 机构交易成本高 → 折价，看空（用于 risk_discount）。,daily,高——机构交易成本直接取决于买卖价差，CS价差是机构执行成本的一阶近似；与 ILLIQ 互补（ILLIQ 测深度，CS测
liquidity_micro,Roll 隐含价差,risk_discount,GREEN,med,月度均值，预测 2-4 周流动性状态。,高 S_Roll → 价差大 → 流动性差 → risk_discount 偏高。,daily,中——理论合理但A股适配性弱于CS；作为风险折价的辅助印证。
liquidity_micro,零收益天数比例（Lesmond 流动性）,risk_discount,GREEN,med,月度，预测 4-8 周流动性状态（低频信号）。,高 ZEROS → 流动性差，交易摩擦大 → risk_discount 偏高。,daily,中——对机构投资组合中的小盘持仓风险预警有用；大盘股几乎无零收益天，因子在机构常用宇宙内信号弱。
liquidity_micro,筹码获利比例（CYQ 胜率）,capital_sentiment,GREEN,med,日频，预测 2-3 周方向；与价格动量结合使用。,低获利盘比例（大套牢） → 抛压小 → 看多（机会）；高获利盘 → 获利了结压力 → 看空（或动量衰竭）。,cyq_perf,中——机构使用筹码概念作为辅助参考，但不是核心量化指标；对游资/主力判断更相关；北向资金不在筹码统计口径内。
liquidity_micro,筹码集中度（CYQ 峰值集中度）,capital_sentiment,GREEN,med,周度/月度信号，预测 3-6 周趋势延续。,高集中度（CHIP_CONC高）→ 筹码锁定，方向明确 → 配合动量看多；低集中度（分散）→ 分歧大 → 看空或不确定。,cyq_perf,中——机构内部有更精确的持仓成本数据，该指标更多反映散户/游资锁仓状态；但筹码集中后的机构建仓期是重要的跟踪信号。
liquidity_micro,股东人数变化率（筹码集中信号）,capital_sentiment,GREEN,high,季度更新（约每60个交易日），预测 1-3 个月趋势；与北向资金持股变化联合使用。,股东人数减少（负变化率）→ 筹码集中，机构建仓 → 看多；股东人数增加（正变化率）→ 筹码分散，散户涌入 → 看空/泡沫信号。,stk_holdernumber,高——直接追踪机构 vs 散户的持仓转移；与北向资金增持(hk_hold)联合使用可识别'外资+公募双向进场'信号，20
liquidity_micro,解禁压力因子,risk_discount,GREEN,high,20日/60日解禁窗口，预测 1-3 个月潜在压力；临近解禁日前 2 周效果最强。,高解禁压力比率 → 供给冲击 → 看空 / 增加 risk_discount。,"share_float, daily_basic",高——解禁压力是机构风险控制的重要参数，叠加大宗交易(block_trade)可识别'提前出货'行为；外资(hk_hol
liquidity_micro,大宗交易折价率因子,capital_sentiment,GREEN,med,日频发生，月度累计信号；预测 1-4 周股价压力。,大折价（disc<<0）→ 机构急于减持 → 看空；小折价或溢价成交 → 接盘方积极 → 中性或看多。,block_trade,高——大宗交易几乎完全是机构行为（沪深交所规定单笔≥30万股或≥200万元），折价率直接反映机构资金对股票的定价意愿和持
liquidity_micro,融资余额变化率（杠杆资金信号）,funding_score,GREEN,high,5日/20日变化率，预测 1-3 周内价格动量；极端值（>30%月增）预测后续 4-8 周反转风险。,适度正变化（融资余额稳步增长）→ 看多（资金入场）；极端正变化（月增>30%）→ 过热反转信号看空；负变化（去杠杆）→ 短期看空，若持续→底部信号。,"margin, margin_detail",中高——机构自身不大量使用融资（有杠杆限制），但将融资余额视为散户杠杆情绪温度计；融资余额高时机构往往趋于谨慎。
liquidity_micro,换手率调整后动量反转（STREV_TO）,capital_sentiment,GREEN,high,20日滚动，预测 2-4 周反转（系统核心 2-4 周窗口正好覆盖）。,因子高值（高量放大的上涨日过多）→ 过热 → 反转 → 看空；低值（放量下跌）→ 超卖 → 反转 → 看多。,"daily, daily_basic",高——机构算法交易（TWAP/VWAP）在高成交量时段拆单，造成价格短暂偏离后回归，量价配合反转捕捉这一效应；是机构市场
liquidity_micro,北向资金持股变化率（流动性质量信号）,capital_sentiment,GREEN,high,5日/20日变化率，预测 2-4 周超额收益；结合长期（60日）趋势更稳健。,北向净增持（正变化）→ 机构看多，流动性质量提升 → 看多；北向净减持（负变化）→ 外资撤离，流动性脆弱 → 看空/risk_discount 上升。,"hk_hold, moneyflow_hsgt",极高——北向资金本身就是机构（外资），其持仓变化是机构行为的直接观测，比其他任何代理指标都准确；与 L7.flow.pa
liquidity_micro,融券余额比率（卖空压力因子）,risk_discount,GREEN,med,日频/月度均值，预测 2-6 周卖压；短期高度变化更有效。,高 SHORT_RATIO → 机构看空/风险对冲增加 → 看空（risk_discount 上升）；低且下降 → 空头回补潜力 → 看多（短暂）。,"margin, margin_detail",高——融券是机构专属工具（准入限制+资金门槛），融券余额高意味着机构认为高风险；与 L8.cap.short_incre
volatility_risk,IVOL_FF3,risk_discount,GREEN,high,1个月重新估计，预测1个月收益；在A股2周至4周持有期与系统2-4周窗口吻合。,IVOL高 → 看空（未来收益低）；因子取负值后高分=低IVOL=看多,"daily, daily_basic, stk_factor_pro",高——机构持仓的低波动股票集中于蓝筹，IVOL恰好筛出高波散户题材股；北向资金也倾向规避高IVOL个股。
volatility_risk,MAX5,risk_discount,GREEN,high,过去1个月数据，预测1个月收益；A股证据支持2-4周窗口。,MAX5高 → 看空；负值后高分=低MAX5=看多,"daily, stk_limit, limit_list_d",中高——机构普遍规避连板涨停题材股，MAX高者恰是机构卖出对象；北向资金流入方向与低MAX负相关。
volatility_risk,BAB_A,risk_discount,GREEN,med,月度再平衡；预测1个月。,高β → 看空；BAB多头=低β看多,"daily, daily_basic, margin, margin_detail",高——机构资金（公募、险资）天然偏好低beta稳健股，BAB多头与机构持仓重叠度高。
volatility_risk,RVOL_20,risk_discount,GREEN,high,20日估计，预测1-4周收益；2024年中金高频手册确认30日换仓IC均值-0.118，ICIR -0.541。,RVOL高 → 看空,"daily, daily_basic",高——是Barra风险模型标配，机构风险系统广泛使用，直接影响组合构建中的风险预算分配。
volatility_risk,RVOL_HIGHFREQ,risk_discount,YELLOW,med,月度更新，预测2-4周；日内分钟数据与系统持仓周期匹配。,高上行RVOL → 看空（彩票溢价）；高ASYM_VOL → 看空,none,中——机构量化策略广泛使用日内数据，但对基本面投资者信号意义较弱。
volatility_risk,SKEW_REALIZED,risk_discount,GREEN,med,月度估计，预测1个月收益；中国A股文献样本2000-2022年持续显著。,高RSKEW（正偏）→ 看空；因子取负值后高分=低偏度=看多,daily,中——偏度因子在机构为主市场中更多用于尾部风险管理而非选股，但A股散户驱动的彩票溢价使其仍有选股alpha。
volatility_risk,COSKEW,risk_discount,GREEN,low,60日或更长期估计（需稳定估计），预测1个月。,负协偏度（大负值）→ 理论上应有风险溢价，但在A股定价偏差下为看空信号,"daily, daily_basic",中低——协偏度主要用于宏观尾部风险管理，对2-4周选股信号较弱。
volatility_risk,DOWNSIDE_BETA,risk_discount,GREEN,med,252日估计，预测1个月；2-4周窗口有效。,高下行beta → 看空（需要更高风险溢价，但散户高估这类股票→预测负alpha）,"daily, daily_basic",高——险资和公募基金的回撤控制直接依赖下行beta管理，该因子与机构风险预算体系高度相关。
volatility_risk,VaR_HS,risk_discount,GREEN,med,252日历史窗口，月度更新，预测1个月。,高VaR → 看空,daily,高——机构风控直接监控个股VaR，该指标与机构持仓边界一致。
volatility_risk,CYQ_WIDTH,risk_discount,GREEN,med,日更新，月度截面信号，预测2-4周。,CYQ_WIDTH高 → 未来波动高 → 看空,cyq_perf,中低——机构不直接使用筹码分析，但筹码宽度隐含的散户行为与机构逆向交易机会相关。
volatility_risk,LIMIT_FREQ,risk_discount,GREEN,med,60日窗口，月度截面信号，预测2-4周。,高LIMIT_FREQ → 高波动风险 → 看空,"stk_limit, limit_list_d, limit_list_ths",高——机构持仓系统普遍剔除频繁涨跌停个股；北向资金从不参与连板题材，频繁涨停频率是机构规避信号。
volatility_risk,PLEDGE_VOL,risk_discount,GREEN,med,季度或月度更新（披露频率），预测1个月，极端事件预警信号。,高PLEDGE_RATIO → 高尾部风险 → 看空,"pledge_stat, pledge_detail, daily_basic",高——机构风控系统明确将高质押率列为风险红线；北向资金持仓中极少出现高质押率个股。
volatility_risk,IVOL_RESID_NEUTRAL,risk_discount,GREEN,high,月度截面信号，预测1个月；双重中性化提升信号纯度。,高中性IVOL → 看空,"daily, daily_basic, index_classify, index_member_all",高——机构量化组合普遍要求行业中性，该因子是机构可直接使用的风险暴露信号。
volatility_risk,VOL_REGIME,risk_discount,YELLOW,med,用作调节权重的元因子（factor-on-factor），短期动态调整，2-4周有效。,高波动机制 → 低IVOL因子权重上调；低波动机制 → 权重下调,"daily_basic, index_dailybasic",中高——机构资产配置中动态调整风险预算与波动率机制高度相关，但对个股选股信号直接作用有限。
volatility_risk,MARGIN_VOL_RATIO,risk_discount,GREEN,med,月度截面信号，预测2-4周（融资平仓风险为中期事件）。,高MARGIN_VOL → 强迫平仓风险高 → 看空,"margin, margin_detail, daily_basic, daily",高——北向资金和公募基金普遍规避融资余额过高的高波动个股；机构风控将融资余额占比作为流动性风险指标。
volatility_risk,SKEW_UNLOCK,risk_discount,GREEN,med,前向30日滚动，预测未来2-4周内的事件驱动风险。,高解禁压力+高波动 → 看空,"share_float, daily_basic, daily",高——机构投资者的股票池维护中，解禁压力是重要的时点回避指标；北向资金在大额解禁前往往提前减仓。
sentiment_attention,limit_seal_strength,priced_in_discount,GREEN,high,1-5日（次日信号最强；5日后衰减）；覆盖系统2-4周窗较弱需叠加其他因子,高封成比→短期看空（反向，散户追涨后反转）,"limit_list_d, daily",机构不参与打板但可用此因子做反向对冲/减仓信号；机构化程度越高该因子反转越强
sentiment_attention,dc_hot_rank_reversal,priced_in_discount,GREEN,med,1-3周（DA研究1-2周最强；A股T+1延迟1日）,高关注度→看空（反向）；低关注度→看多,"dc_hot, ths_hot",机构本身不看热榜但可追踪散户流动方向；与北向资金流组合：热榜高关注+北向流出=双重反向信号
sentiment_attention,chip_profit_ratio,capital_sentiment,GREEN,med,2-6周（筹码结构变化慢，持仓逻辑适配系统2-4周窗）,低获利比例+高换手→底部信号→看多；高获利比例→获利了结压力→看空,"cyq_perf, daily_basic",机构用筹码数据追踪散户持仓成本，判断'解套行情'时机；在散户→机构迁移背景下，该因子在散户比例高的中小市值股更有效
sentiment_attention,turnover_acceleration,priced_in_discount,GREEN,high,2-4周（与系统核心窗口完全匹配）,高加速换手→看空（散户追涨顶部信号）,"daily, daily_basic",机构用作拥挤度监测；高加速换手=散户拥挤=机构反向交易窗口；量化机构可用作择时仓位缩减信号
sentiment_attention,limit_board_consecutive,capital_sentiment,GREEN,med,1-2周（单只连板股信号短；市场层面连板高度作为情绪regime信号有2-4周持续性）,极高连板(>=7板)→该股短期看空；市场连板高度高→全市场情绪过热→整体溢价压缩,"limit_step, limit_list_d",机构本身不参与连板追涨，但用连板高度作为市场情绪过热预警；当连板高度>=5且炸板率>40%时，机构往往开始降低组合中小市
sentiment_attention,board_burst_rate,capital_sentiment,GREEN,med,市场层面1-3周（情绪低谷持续性）；个股层面3-7日,市场高炸板率→反向看多（情绪底部）；个股炸板→短期看空（次日反弹概率低）,"limit_list_d, limit_list_ths",机构用炸板率监测散户情绪衰竭点，作为补仓/反弹布局信号；在机构为主市场中，机构掌握信息优势，往往在炸板率极值时逆向布局
sentiment_attention,irm_qa_intensity,priced_in_discount,GREEN,med,1-3周（关注度反转周期）,高问答量→看空（散户过度关注→反向）,"irm_qa_sh, irm_qa_sz",机构较少直接交互IRM，但可用IRM问答量追踪散户情绪热度，作为反向信号叠加在估值分析上
sentiment_attention,kpl_concept_momentum_reversal,priced_in_discount,GREEN,med,1-2周（题材炒作持续性窗口）,高题材热度(连续3日以上) →看空（反向）,"kpl_concept, kpl_list",机构不参与题材炒作，但机构反向做空题材拥挤标的已成重要策略；题材热度与融资余额异动关联强，可叠加margin数据提升信号
sentiment_attention,hot_money_presence,capital_sentiment,GREEN,med,3-7日(动量)；1-2周(反转，当多席位出现),净买入→短期看多(3-7日)；多席位同时出现→中期看空(1-2周反转),hm_detail,机构可用游资信号作为短线噪声过滤器；当机构席位与游资席位同时出现在买方时，信号更强；北向资金席位排除
sentiment_attention,new_share_hype_decay,priced_in_discount,GREEN,med,4-12周（次新炒作衰减周期长于普通因子）,高上市涨幅/短上市时间→看空（反转）；破发→看多,"daily, daily_basic",机构不参与次新股炒作，常将次新股排除在量化池外；但因子本身可作为持仓筛选（避免误入高估次新）或做空信号
sentiment_attention,overnight_ret_reversal,priced_in_discount,GREEN,high,1-3日（极短期，日频信号）,大幅隔夜高开(OvernightRet>阈值)→看空；隔夜大跌→看多,daily,机构可用隔夜信号优化T+1下的开盘挂单策略；北向资金在开盘后快速反向操作与该信号高度相关
sentiment_attention,stk_holder_count_change,capital_sentiment,GREEN,med,4-12周（季度数据频率决定；信号持续性强）,股东人数减少→看多（筹码集中）；急剧增加→看空,stk_holdernumber,机构用股东人数追踪自身建仓是否已在市场中被察觉；股东人数数据每季度更新，适合机构中长期配置决策
sentiment_attention,margin_balance_sentiment,funding_score,GREEN,high,2-4周（融资仓位调整周期；与系统核心2-4周窗口匹配）,融资余额快速上升→看空（散户杠杆过热）；融资余额快速下降+偿还率高→看多（去杠杆接近尾声）,"margin_detail, daily_basic",机构用融资余额追踪散户杠杆水平；两融余额是机构评估市场情绪最重要的量化指标之一；与北向资金流向组合：北向流出+融资余额增
sentiment_attention,hk_hold_change,capital_sentiment,GREEN,high,2-6周（机构建仓周期长；与系统2-4周窗口匹配）,北向增持→看多；北向大幅减持→看空,hk_hold,北向本身就是机构资金，其持仓变化是机构市场中最直接的'聪明钱'代理；与国内公募持仓相比，北向数据更高频且无披露延迟
sentiment_attention,block_trade_discount,risk_discount,GREEN,med,2-6周（减持信号持续性；机构接盘后通常需要2-4周建仓完成）,大折价大宗交易增多→看空（供给压力）；溢价大宗→看多（机构接盘）,"block_trade, daily",大宗交易是机构间信息传递的重要渠道；买方为机构席位的大宗溢价交易是机构看多的直接证据；与北向资金持仓变化配合使用时信号更
sentiment_attention,share_unlock_pressure,risk_discount,GREEN,high,2-8周（事件前后窗口）,高解禁压力→看空（供给冲击）,share_float,机构用解禁日历作为持仓风险管理工具；大规模定增解禁往往引发机构集体减仓压力
sentiment_attention,sector_rotation_momentum,capital_sentiment,GREEN,med,2-4周（行业动量持续性；与系统核心窗口高度匹配）,行业净流入排名高→看多（动量）；近期流入极值→短期过热→注意反转,"moneyflow_ind_ths, index_member_all",机构资金配置以行业为基本单位，行业资金流信号直接反映机构配置偏好；与北向资金行业配置变化交叉验证效果更好
multifactor_models,ICIR-Optimal Factor Synthesis Weight,fundamental_score,GREEN,high,月度再平衡（参数 Sigma_IC 用 24 个月滚动窗口），信号持有 2-4 周,合成因子高值看多,"fina_indicator, daily_basic, report_rc, moneyflow",高 — 机构用 Barra 框架做归因，ICIR 优化合成与之对齐，便于沟通 alpha 来源
multifactor_models,Barra CNE6 Industry + Size Two-Step Neutralization,fundamental_score,GREEN,high,每次截面计算（周频或月频重算），无单独持有周期,残差高值方向由原始因子决定,"daily_basic, index_member_all, index_classify, ci_daily",极高 — 机构组合基准敏感，行业偏离 TE 是首要风控指标
multifactor_models,Fama-French Five-Factor Composite (FF5),fundamental_score,GREEN,med,月度重平衡，因子持有 1-3 个月,RMW 高分位 + CMA 低分位（保守投资）+ HML 高分位看多,"fina_indicator, balancesheet, income, daily_basic",高 — 外资和 FOF 常用 FF5 做业绩归因，alpha 相对 FF5 比相对 CAPM 更干净
multifactor_models,q-Factor: ROE and Investment Factor,fundamental_score,GREEN,med,季度财报更新后重算，持有 1-3 个月,高 ROE + 低 I/A 看多,"fina_indicator, balancesheet, daily_basic",高 — 与机构 ROE 选股框架天然对齐
multifactor_models,Piotroski F-Score (A-Share Adapted),fundamental_score,GREEN,med,年度财报更新后触发（每年约 4-5 月），持有 1 年；可降低至半年报触发,高 F 分看多,"fina_indicator, balancesheet, cashflow, income",中高 — 机构常用综合质量评分做选股初筛
multifactor_models,Carhart Momentum Factor (12-1 Month),capital_sentiment,GREEN,med,月度重平衡，2-3 个月持有；中期（6 个月）动量最稳定,高动量（过去赢家）看多,"monthly, daily",中 — 机构基金经理用动量做行业轮动，个股动量信号辅助；外资动量交易风格显著
multifactor_models,IVOL: Idiosyncratic Volatility (Low-Vol Anomaly),risk_discount,GREEN,high,月度再平衡，持有 1-3 个月,IVOL 低值看多（低波溢价）,"daily, daily_basic, stk_factor_pro",极高 — 险资/银行理财是 2024-2025 最大增量机构资金，低波是其核心约束
multifactor_models,Northbound (HK Connect) Net Flow Factor,capital_sentiment,GREEN,med,5 日动量信号，持有 2-4 周,北向净买入看多,"hk_hold, moneyflow_hsgt",极高 — 外资是 A 股最重要的价格发现机构，北向持仓方向代表全球机构共识
multifactor_models,Margin Financing Change Rate Factor,capital_sentiment,GREEN,med,5 日变化率信号，持有 2-3 周；高水位警告持有周期缩短至 1 周,5日融资余额正增长看多（但极端高位看空）,"margin, margin_detail, daily_basic",中高 — 融资客中散户居多，但融资买入集中于机构持仓股时信号质量提升
multifactor_models,Chip Distribution Profitability Ratio Factor,capital_sentiment,GREEN,med,短期 3-10 日（博弈层面信号）,WIN_RATIO < 30% 且价格突破筹码密集区时看多；WIN_RATIO > 75% 时看空（压力位）,cyq_perf,中 — 机构内部用筹码分析评估建仓/减仓成本分布，但不作为主要量化信号
multifactor_models,Analyst Earnings Revision Momentum (ARM),expectation_gap,GREEN,med,4 周修正窗口，持有 4-8 周（PEAD 效应持续约 60 日）,ARM 上调看多,"report_rc, fina_indicator, express",极高 — 机构投资者直接消费卖方研报，预测修正信号反映机构共识变化
multifactor_models,Factor Crowding Score (FCS),risk_discount,YELLOW,med,月度计算拥挤度评分，实时风控监控,FCS 高值（因子拥挤）→ 对应因子权重下调（用于 risk_discount）,"stk_holdertrade, stk_holdernumber, pledge_stat",极高 — 机构量化风控部门核心指标，防范量化策略集体平仓风险
multifactor_models,Factor Timing via Macro Regime (Factor Rotation),NEW,YELLOW,med,月度体制识别，因子权重月度更新；短期 2-4 周预测,体制利好时对应因子加权，体制不利时降权,"sf_month, shibor, cn_pmi, cn_m, index_dailybasic",高 — 机构资产配置委员会用宏观框架决定风格偏配，与机构操作周期对齐
multifactor_models,LightGBM/GBDT Multi-Factor Synthesis,fundamental_score,YELLOW,med,月度再平衡，预测 +4 周超额收益,模型高预测分值看多,"fina_indicator, daily_basic, report_rc, moneyflow, margin, hk_hold",高 — 量化私募头部机构（幻方/九坤/明汯）核心策略，机构赛道核心竞争点
multifactor_models,AlphaNet: End-to-End Price-Volume Neural Factor,capital_sentiment,YELLOW,med,日频更新信号，持有 2-10 日（高频短周期）,模型输出高分看多,"daily, daily_basic, stk_factor_pro",高 — 量化机构核心量价 alpha 来源；但普通机构基本面选股者较少使用
multifactor_models,Lasso / ElasticNet Factor Selection & Synthesis,fundamental_score,GREEN,med,月度更新合成权重，预测 +4 周超额,合成因子高分看多,"fina_indicator, daily_basic, report_rc, margin, hk_hold, moneyflow",高 — 量化私募标配方法；对比 GBDT 更可解释，受机构合规要求欢迎
multifactor_models,Symmetric Orthogonalization (Factor Decorrelation),fundamental_score,GREEN,med,月度重算正交化矩阵（协方差矩阵用 24 个月滚动估计）,正交化后各因子方向不变，正交分量高值方向与原始因子一致,"fina_indicator, daily_basic, report_rc, moneyflow",高 — Barra 体系核心工程步骤，机构风险模型标配
multifactor_models,Sloan Accruals Quality Factor,fundamental_score,GREEN,high,年度财报触发，持有 6-12 个月,低 ACCRUAL（现金流驱动利润）看多,"income, cashflow, balancesheet",高 — 机构尽调必查应计质量，该因子与机构行为高度同步
macro_regime_timing,货币-信用四象限 Regime 分类器,capital_sentiment,GREEN,high,1-3 个月调仓，覆盖系统 2-4 周窗口（信号更新频率月度）,宽货币+宽信用 → 看多；紧货币+紧信用 → 降低 beta,"cn_m, sf_month",机构配置决策的核心宏观框架，公募、私募、险资均以此为 beta 判断基础，信号更新月度，适合机构调仓节奏
macro_regime_timing,信用脉冲 Credit Impulse,capital_sentiment,YELLOW,high,6-12 个月预测窗口（价值/成长风格轮动），与系统 2-4 周窗口配合使用时作为方向性背景信号,CI 由负转正、持续扩张 → 偏成长/小盘；CI 由正转负、收缩 → 偏价值/大盘,"sf_month, cn_gdp",CICC/华泰等头部机构核心宏观配置指标，被广泛用于 A 股股债配置和风格轮动判断
macro_regime_timing,ERP 股权风险溢价择时信号,valuation_rerating,GREEN,high,1-3 个月（中期择时），信号更新月频,ERP 高 → 看多权益；ERP 低 → 降低仓位,"daily_basic, shibor, shibor_lpr",机构配置会议必看指标，险资/养老金用于 SAA 动态权益比例调整
macro_regime_timing,PMI 扩散指数 + 新订单-库存差,fundamental_score,GREEN,high,1-2 个月（PMI 公布后当月生效），配合系统 2-4 周窗口,delta_PMI>0 且 PMI>50 → 看多周期；PMI_NI-INV 差由负转正 → 看多上游,cn_pmi,机构策略会议必备宏观指标，公募基金经理月度配置决策参考
macro_regime_timing,库存周期四阶段定位器,capital_sentiment,YELLOW,med,3-6 个月（库存周期转换持续 6-12 个月），月度更新,被动去库+进入主动补库 → 超配上游周期/小盘成长；主动去库阶段 → 防御,cn_pmi,周期类私募/行业基金的核心配置依据，公募机构在库存拐点附近调整行业暴露
macro_regime_timing,CPI-PPI 剪刀差风格信号,capital_sentiment,GREEN,med,1-3 个月（通胀周期持续数月），月度信号,PPI-CPI 高且扩大 → 看多上游大宗/能源；PPI-CPI 低且收窄 → 看多消费,"cn_cpi, cn_ppi",机构行业配置轮动的重要通胀拆解工具
macro_regime_timing,M1-M2 剪刀差资金活化信号,capital_sentiment,GREEN,med,1-3 个月（货币周期更新月频）,M1-M2 正剪刀差扩大 → 看多大盘价值；负剪刀差 → 小盘成长,cn_m,银行/险资/公募在大小盘风格切换时的核心货币指标
macro_regime_timing,HMM 宏观-资金-市场三维状态机,risk_discount,YELLOW,med,日频更新，2-4 周持仓为主,HMM 状态为趋势上涨/震荡上涨 + 宏观扩张 → 看多；趋势下跌 + 衰退 → 看空,"daily, cn_pmi, margin, sf_month",量化私募核心择时工具，机构投资者用于动态 beta 管理
macro_regime_timing,北向资金流净值动量,capital_sentiment,GREEN,med,2-4 周（周频更新，1-2 周领先），覆盖系统核心窗口,持续净买入 → 风险偏好上升，看多；净卖出且加速 → 风险规避,"hk_hold, moneyflow_hsgt",机构每日必看资金流指标，外资持续配置方向代表全球机构共识
macro_regime_timing,融资余额变化率 + 杠杆情绪温度计,funding_score,GREEN,high,2-4 周（周频更新），覆盖系统核心窗口,融资余额加速上升 → 过热预警/看空；急跌后企稳 → 看多,"margin, margin_detail, daily_basic",机构投资者监测市场杠杆风险的必备指标，与 ETF 份额变化互为验证
macro_regime_timing,全市场换手率百分位温度计,capital_sentiment,GREEN,high,2-4 周（中期均值回归），日频更新,高百分位 → 短期看空/过热；低百分位 → 中期看多/底部,"daily_basic, st",中性至高；机构主要用于全局风险管理，个股层面换手率因子独立作为选股因子效力更弱
macro_regime_timing,CICSI 综合投资者情绪指数,capital_sentiment,YELLOW,med,1-2 个月（月频更新，领先 1 个月）,CICSI_z 极高 → 过热/看空；极低 → 悲观/看多,"daily, new_share, daily_basic",适合机构的全局情绪监测；基金公司常用类似框架做大类资产仓位管理
macro_regime_timing,多资产相关性骤升系统性风险信号,risk_discount,YELLOW,med,2-4 周（日频计算，周频确认），覆盖系统核心窗口,相关性骤升 → 系统性风险，降低 beta；相关性正常 → 风险偏好正常,"daily, index_global",机构风险管理委员会和配置团队用于系统性风险预警，适合 R-7 动态 beta 调节
macro_regime_timing,SHIBOR/LPR 利率趋势与利差信号,valuation_rerating,GREEN,med,1-3 个月（货币政策变化周期），月频主要信号,SHIBOR/LPR 下行 → 看多；利率上行/倒挂 → 收缩 beta,"shibor, shibor_lpr",所有机构配置决策的基础货币环境判断，债券/股票联动分析的核心参数
macro_regime_timing,PMI 服务业-制造业背离信号,fundamental_score,GREEN,med,1-3 个月（行业轮动信号），月频更新,服务>制造且背离扩大 → 配消费/科技；制造>服务 → 配周期/制造,cn_pmi,机构行业配置的战术性信号，尤其在经济转型期价值较高
macro_regime_timing,社融-M2 增速差（信用扩张强度）,capital_sentiment,GREEN,med,2-4 个月（信用传导滞后），月频信号,SF>M2且扩大 → 看多权益/周期；SF<M2且收窄 → 货币空转，偏防御,"sf_month, cn_m",机构宏观研究的核心信用传导效率指标
macro_regime_timing,风格轮动综合打分器（价值/成长/大盘/小盘）,valuation_rerating,GREEN,med,1-3 个月（风格周期在 6-18 个月内），月频调仓,综合分正 → 超配成长小盘；综合分负 → 超配价值大盘,"sf_month, cn_m, cn_ppi, cn_cpi, daily_basic",公募基金风格漂移控制、私募大类风格 beta 路由的核心工具
